,Name,Brand,Price,Old Price,Discount,Stock,Rating,Reviews,First Comment,Second Comment,Price_Diff,Seller_Evaluation,Seller_Abonne_Number,Shipping_Speed,Quality_Score,Consumer_Review,Cluster
0,"Boutique OfficielleLogitech M90 Souris Filaire USB, Suivi Optique 1000 PPP, Ambidextre, Compatible avec PC/Mac/Portable - Gris", Logitech ,39.0,69.0,43,High Stock,3.5 ,6,0.0,0.0,30.0,100,0,neutre,neutre,neutre,1
1,Boutique OfficielleSony Casque CH520 Bluetooth Noir (WH-CH520 /BZ), Sony ,599.0,799.0,25,No Info,4.6 ,8,0.0,0.0,200.0,94,67,ExcellentScore ,Bon,Excellent,1
2,Boutique OfficielleLenovo PC PORTABLE ThinkPad L570 -Core i5-6TH GEN-SSD 256Go -8Go-AZERTY-REMIS A NEUF, Lenovo ,2999.0,4499.0,33,No Info,2.3 ,6,0.0,0.0,1500.0,46,249,BonScore ,Très Mauvais,Moyen,2
3,"Boutique OfficielleLogitech Zone Vibe 100 Casque d'écoute léger sans fil avec Micro anti-bruit de fond, Écouteurs Bluetooth multipoint avancés, Fonctionne avec Teams, Google Meet, Zoom, Mac/PC- Graphite", Logitech ,1199.0,1999.0,40,Low Stock,0 ,0,0.0,0.0,800.0,100,0,neutre,neutre,neutre,1
4,"Boutique OfficiellePack gaming all in one 4 en 1 clavier gamer, souris 7 buttons + casque et tapis",Autre,210.0,409.5,49,High Stock,3.8 ,64,0.0,0.0,199.5,74,2161,ExcellentScore ,Moyen,Moyen,0
5,"DELL Optiplex 3020 MT Intel Celeron @ 2.7GHz - RAM 4Go , HDD 500Go (Remis à Neuf)", DELL ,530.0,1250.0,58,Low Stock,4.2 ,26,0.0,0.0,720.0,74,788,ExcellentScore ,Mauvais,Bon,1
6,"Console de jeu vidéo sans fil, écran HD 4K 64Gb HDMI avec 10000 jeux + 2 Manettes",Autre,255.0,510.0,50,High Stock,3.8 ,56,0.0,0.0,255.0,74,2161,ExcellentScore ,Moyen,Moyen,0
7,Epson EcoTank L3250 Imprimante WiFi multifonction à réservoirs rechargeables, Epson ,1875.0,2500.0,25,No Info,3.8 ,15,0.0,0.0,625.0,66,203,BonScore ,Moyen,Moyen,2
8,"Boutique OfficielleJedel Clavier Mécanique KL-95 à lumière mixte, avec effet de lumière RGB personnalisé", Jedel ,248.0,475.0,48,No Info,4.4 ,125,0.0,0.0,227.0,74,2161,ExcellentScore ,Moyen,Moyen,0
9,"Caméra de surveillance extérieure sans fil, avec panneau solaire et audio PIR, 4G et Wifi",Autre,1399.0,2090.0,33,High Stock,5 ,1,0.0,0.0,691.0,74,2161,ExcellentScore ,Moyen,Moyen,0
10,XIAOMI Mi Smart Camera C200 1080P Caméra Surveillance WiFi intérieure 360° qualité, XIAOMI ,343.0,529.0,35,High Stock,4.8 ,32,0.0,0.0,186.0,86,3586,ExcellentScore ,Bon,Bon,0
11,Dml Casque Gamer  casque PC avec  son surround casque antibruit avec micro et lumière LED, Dml ,145.0,159.0,9,No Info,4.1 ,110,0.0,0.0,14.0,86,541,ExcellentScore ,Bon,Bon,1
12,"TP-Link Point d'Acces 1200Mbps Dual Band Wi-Fi - Access Point , Répéteur WiFi 2 in 1 Archer C54", TP-Link ,499.0,750.0,33,Low Stock,4.3 ,3,0.0,0.0,251.0,60,576,BonScore ,Très Mauvais,Excellent,1
13,"Boutique OfficielleLogitech G733 Casque gaming sans fil LIGHTSPEED avec bandeau de suspension, LIGHTSYNC RVB, technologie de micro Blue VO!CE et transducteurs audio PRO-G - Blanc", Logitech ,1499.0,2099.0,29,Low Stock,0 ,0,0.0,0.0,600.0,100,0,neutre,neutre,neutre,1
14,mifoy Pack Combo Clavier de Jeu + Souris GM100 6 Boutons RGB Capteur Optique DPI LED, mifoy ,139.0,299.0,54,High Stock,4 ,40,0.17500000000000002,0.0,160.0,74,2161,ExcellentScore ,Moyen,Moyen,0
15,"Boutique OfficielleLenovo Sac à dos ThinkPad Sac de voyage manche en velours, grande capacité", Lenovo ,169.0,250.0,32,High Stock,4.4 ,134,0.0,0.0,81.0,86,541,ExcellentScore ,Bon,Bon,1
16,"Support pliable pour ordinateur Portable Mac et PC, en Aluminium, Support Antidérapant",Autre,75.0,195.0,62,High Stock,4.2 ,111,0.0,0.0,120.0,74,2161,ExcellentScore ,Moyen,Moyen,0
17,"Boutique OfficiellePack gaming all in one 4 en 1 clavier gamer, souris 7 buttons + casque et tapis",Autre,210.0,409.5,49,High Stock,3.8 ,64,0.0,0.0,199.5,74,2161,ExcellentScore ,Moyen,Moyen,0
18,G2000 Casque Gaming,Autre,149.0,649.0,77,No Info,4.1 ,35,0.0,0.0,500.0,74,788,ExcellentScore ,Mauvais,Bon,1
19,XIAOMI Monitor A22i 2145in 24W Max 75Hz Aspect ratio 169, XIAOMI ,853.0,1099.0,22,No Info,4.7 ,26,0.0,0.0,246.0,86,3586,ExcellentScore ,Bon,Bon,0
20,mifoy M10 Souris Filaire Optique USB Effet Lumineuse RGB E-sport pour Ordinateur, mifoy ,25.0,70.0,64,High Stock,3.8 ,320,0.0,0.0,45.0,74,2161,ExcellentScore ,Moyen,Moyen,0
21,"Tapis de Souris Pour PC Bureau, PC Portable",Autre,23.0,35.0,34,High Stock,4.1 ,33,0.0,0.0,12.0,86,541,ExcellentScore ,Bon,Bon,1
22,Western Digital Disque dur Externe 500GB - WD Elements™ - USB 3.0, Western Digital ,219.0,750.0,71,No Info,4.3 ,68,0.0,0.0,531.0,94,189,BonScore ,Excellent,Excellent,1
23,Razer Tapis de souris lines 900 x 300 MM Tapis gamer souris et clavier Gaming Mouse Pad, Razer ,49.0,49.0,0,High Stock,4.3 ,4,0.0,0.0,0.0,94,354,ExcellentScore ,Excellent,Bon,1
24,Boutique OfficielleSH 3200 DPI réglables et 7D LED Optique Souris de jeu filaire USB pour Gamer PC, SH ,65.0,150.0,57,High Stock,4.4 ,78,0.0,0.4666666666666666,85.0,74,2161,ExcellentScore ,Moyen,Moyen,0
25,Adaptateur hdmi vga - hdmi vert vga - hdmi to vga, Adaptateur ,39.5,65.0,39,High Stock,4.1 ,321,0.0,0.0,25.5,86,541,ExcellentScore ,Bon,Bon,1
26,"Boutique OfficielleLogitech H111 Casque Filaire, Ecouteurs Stéréo avec Micro Anti-Parasite, Jack Audio 3,5mm, PC/Mac/Portable/Smartphone/Tablette - Noir", Logitech ,99.0,169.0,41,High Stock,4.4 ,22,0.0,0.35694444444444445,70.0,100,0,neutre,neutre,neutre,1
27,"Boutique OfficielleLogitech M171 Souris Sans Fil pour PC, Mac, Ordinateur portable, 2,4 GHz avec Mini-récepteur USB, Suivi Optique, Autonomie de Piles de 12 mois, Ambidextre- Noir", Logitech ,99.0,169.0,41,High Stock,4.8 ,6,0.375,0.0,70.0,100,0,neutre,neutre,neutre,1
28,Boutique Officiellemifoy Souris Gaming USB GM100 6 Boutons RGB Capteur Optique 1200 à 3200 DPI LED - Noir, mifoy ,59.0,190.0,69,High Stock,4.3 ,109,0.0,0.0,131.0,74,2161,ExcellentScore ,Moyen,Moyen,0
29,"Boutique OfficielleLogitech M90 Souris Filaire USB, Suivi Optique 1000 PPP, Ambidextre, Compatible avec PC/Mac/Portable - Gris", Logitech ,39.0,69.0,43,High Stock,3.5 ,6,0.0,0.0,30.0,100,0,neutre,neutre,neutre,1
30,Boutique OfficielleHp PC PORTABLE HP ELITEBOOK 840 G5 8ÉME GÉN-CORE I5-8Go-256 Go SSD-Remise à neuf, Hp ,2990.0,6599.0,55,No Info,4.2 ,12,0.0,0.0,3609.0,46,249,BonScore ,Très Mauvais,Moyen,2
31,"DELL Optiplex 3020 MT Intel Celeron @ 2.7GHz - RAM 4Go , HDD 500Go (Remis à Neuf)", DELL ,530.0,1250.0,58,Low Stock,4.2 ,26,0.0,0.0,720.0,74,788,ExcellentScore ,Mauvais,Bon,1
32,DELL Pc OptiPlex i5 4éme Gén 8Go Ram 500Go HDD +  Souris et Clavier - Remis à Neuf, DELL ,849.0,1300.0,35,No Info,3.8 ,25,0.0,0.0,451.0,80,66,BonScore ,Excellent,Moyen,1
33,Support pour pc portable en aluminium ajustables en 7 positions multifonction,Autre,65.99,90.0,27,High Stock,4.2 ,18,0.0,0.0,24.010000000000005,86,160,ExcellentScore ,Bon,Bon,1
34,"Boutique OfficielleLogitech MK270 Combo Clavier et Souris Sans Fil pour Windows, disposition française, Sans Fil 2,4 GHz, Souris Compacte, 8 Multidispositfs et Raccourcis Touches, Piles 2 Ans, PC et ordinateur portable", Logitech ,239.0,399.0,40,High Stock,4.3 ,9,0.0,0.0,160.0,100,0,neutre,neutre,neutre,1
35,mifoy Pack Combo Clavier Gaming + Souris USB M10 RGB Backlighting effect pour PC, mifoy ,135.0,250.0,46,High Stock,3.7 ,29,0.0,0.0,115.0,74,2161,ExcellentScore ,Moyen,Moyen,0
36,"mifoy Souris Gaming M10 Filaire Optique Effet Lumineuse RGB pour PC Portable, Bureau", mifoy ,29.0,95.0,69,High Stock,4 ,63,0.0,0.0,66.0,74,2161,ExcellentScore ,Moyen,Moyen,0
37,Dml Casque Gamer  casque PC avec  son surround casque antibruit avec micro et lumière LED, Dml ,145.0,159.0,9,No Info,4.1 ,110,0.0,0.0,14.0,86,541,ExcellentScore ,Bon,Bon,1
38,mifoy Pack Combo Clavier de Jeu + Souris GM100 6 Boutons RGB Capteur Optique DPI LED, mifoy ,139.0,299.0,54,High Stock,4 ,40,0.17500000000000002,0.0,160.0,74,2161,ExcellentScore ,Moyen,Moyen,0
39,"Boutique OfficielleXIAOMI Mi LCD Writing Tablet 13.5"" - Blanc", XIAOMI ,170.0,290.0,41,High Stock,4.3 ,49,0.0,0.0,120.0,100,0,neutre,neutre,neutre,1
40,"Grand tapis de souris de jeu tapis de souris tapis de clavier, tapis de bureau Gamer, bureau",Autre,119.0,129.0,8,High Stock,4.5 ,93,0.75,0.37857142857142856,10.0,94,354,ExcellentScore ,Excellent,Bon,1
41,cartable sac a dos swiss gear original,Autre,299.0,450.0,34,No Info,4.5 ,37,0.0,0.0,151.0,86,541,ExcellentScore ,Bon,Bon,1
42,"Sac pour pc portable, mallette pour pc, cartable, sacoche - 14 POUCES",Autre,99.0,299.0,67,No Info,4 ,16,0.0,0.375,200.0,80,52,ExcellentScore ,Moyen,Bon,1
43,Adaptateur VGA to HDMI Full HD - Convertisseur VGA vers HDMI,Autre,65.0,105.0,38,High Stock,3.8 ,72,0.0,0.0,40.0,86,541,ExcellentScore ,Bon,Bon,1
44,TAPIS DE SOURIS NOIR ANTIDÉRAPANTE CARBON,Autre,22.0,25.0,12,High Stock,4.1 ,23,0.0,0.1,3.0,86,160,ExcellentScore ,Bon,Bon,1
45,Ryval Clé USB R360 8Go, Ryval ,33.0,54.0,39,No Info,4.5 ,24,0.0,0.0,21.0,74,788,ExcellentScore ,Mauvais,Bon,1
46,Adaptateur Hight Qaulity Type C  4 in 1  HDMI+VGA+USB 3.0+DP, Adaptateur ,125.0,175.0,29,High Stock,4.2 ,48,0.0,0.0,50.0,86,541,ExcellentScore ,Bon,Bon,1
47,Kingston Clé USB - 64GB - USB Pour Stockage - USB 3.2 - DataTraveler EXODIA, Kingston ,79.0,120.0,34,No Info,4.5 ,35,0.0,0.0,41.0,86,541,ExcellentScore ,Bon,Bon,1
48,"TP-Link CLE USB Bluetooth 5.0 pour PC , smartphone", TP-Link ,159.0,199.0,20,No Info,4.8 ,20,0.0,0.0,40.0,86,160,ExcellentScore ,Bon,Bon,1
49,Tapis de souris Repose-poignet souple pour ordinateur de bureau,Autre,42.0,75.0,44,No Info,4.3 ,81,0.0,0.0,33.0,86,541,ExcellentScore ,Bon,Bon,1
50,Câble Réseau Ethernet RJ45  CAT6 15 Mètre,Autre,63.0,83.0,24,No Info,4.4 ,96,0.0,0.7,20.0,86,160,ExcellentScore ,Bon,Bon,1
51,General Seringue pâte thermique 30 grammes pour processeur CPU PC Refroidisseur, General ,32.0,54.0,41,High Stock,4.1 ,98,0.0,0.5,22.0,86,160,ExcellentScore ,Bon,Bon,1
52,Hp Imprimante Multifonction jet d'encre couleur DeskJet 2720 ALL-IN-ONE, Hp ,549.0,850.0,35,Low Stock,4 ,2,0.0,0.0,301.0,80,64,BonScore ,Excellent,Moyen,1
53,Otg Adaptateur OTG de type C à USB 3.0, Otg ,24.99,24.99,0,Low Stock,4.3 ,84,0.0,0.0,0.0,80,217,ExcellentScore ,Bon,Moyen,1
54,"Samsung Disque Dur Externe M3 STSHX-M500TCB 2,5"" - 500Go - USB 3.0", Samsung ,240.0,299.0,20,Low Stock,4.2 ,64,0.0,0.0,59.0,66,830,ExcellentScore ,Mauvais,Moyen,1
55,Hp PRODESK 600 G1 Tour Core i5 - 4590 3.30Ghz - 8Go - 500Go -DVD-RW Remis A Neuf, Hp ,950.0,1199.0,21,Low Stock,4.2 ,85,0.0,0.0,249.0,100,822,ExcellentScore ,Excellent,Excellent,1
56,Razer Tapis de souris Crystals 900 x 300 MM Tapis gamer souris et clavier Gaming Mouse Pad, Razer ,59.0,59.0,0,High Stock,4.3 ,7,0.0,0.0,0.0,94,354,ExcellentScore ,Excellent,Bon,1
57,TP-Link Adaptateur USB et Clé WiFi à gain élevé 300Mbps TL-WN822N, TP-Link ,135.0,300.0,55,High Stock,4.2 ,146,0.0,0.0,165.0,86,541,ExcellentScore ,Bon,Bon,1
58,Boutique OfficielleHp PC GAMER CORE I5-6éme Génération - RAM 8Go DDR4 - HDD 500Go + 128Go SSD - RADEON HD7570 - 1Go - GDDR5 - Remis à Neuf, Hp ,1699.0,3479.0,51,Low Stock,3.7 ,31,0.0,0.0,1780.0,74,788,ExcellentScore ,Mauvais,Bon,2
59,"Mini clavier et souris sans fil Bluetooth pour PC, iPad, téléphone, tablette",Autre,179.0,300.0,40,Low Stock,3.3 ,11,0.0,0.45499999999999996,121.0,74,2161,ExcellentScore ,Moyen,Moyen,0
60,"DELL Souris RGB rechargeable portable sans fil silencieuse Bluetooth et USB 2,4 GHz", DELL ,79.0,119.0,34,Low Stock,4.3 ,7,0.0,0.0,40.0,80,100,ExcellentScore ,Bon,Moyen,1
61,Hp PC GAMER i5 6éme Gén - 16GB RAM - 256GB SSD / 500GB HDD - NVIDIA GT 710 2GB - Windows 10 - remis à neuf, Hp ,2649.0,3500.0,24,No Info,3.9 ,10,-0.4,0.0,851.0,80,66,BonScore ,Excellent,Moyen,2
62,Razer Tapis de souris goliathus 900 x 300 MM Tapis gamer souris et clavier Gaming Mouse Pad, Razer ,89.0,89.0,0,High Stock,4.1 ,7,0.0,0.0,0.0,94,354,ExcellentScore ,Excellent,Bon,1
63,Tapis de souris Gaming,Autre,25.99,59.1,56,No Info,4.2 ,96,0.0,0.0,33.11,86,541,ExcellentScore ,Bon,Bon,1
64,Hp Pack cartouche d'origine 305 Noir + 305 Couleur, Hp ,356.0,356.0,0,Low Stock,4.4 ,14,0.0,0.0,0.0,80,68,BonScore ,Bon,Bon,1
65,R8 Souris gamer 7 Buttons 7200 DPI elegante gaming mouse, R8 ,119.0,399.0,70,High Stock,4.6 ,62,0.0,0.0,280.0,94,354,ExcellentScore ,Excellent,Bon,1
66,"Sandisk Clé USB 128GB V2.0 Flash Drive, Cruzer Blade DataTraveler", Sandisk ,113.0,199.0,43,High Stock,4.7 ,7,-0.2483526865641276,0.0,86.0,86,3586,ExcellentScore ,Bon,Bon,0
67,Laptop stand Support ordinateur portable en alliage d'aluminium réglable,Autre,89.0,149.0,40,High Stock,4.6 ,70,0.0,0.4333333333333333,60.0,86,160,ExcellentScore ,Bon,Bon,1
68,mifoy GM100 Souris de jeu gamer PRO RGB Capteur Optique 1200 à 3200 DPI LED 6 boutons, mifoy ,68.0,210.0,68,High Stock,4.3 ,278,0.0,0.0,142.0,74,2161,ExcellentScore ,Moyen,Moyen,0
69,"XIAOMI Mi Souris sans fil double mode, édition silencieuse 2.4GHz - Bluetooth mode", XIAOMI ,186.0,299.0,38,High Stock,4.5 ,33,0.15,0.0,113.0,86,3586,ExcellentScore ,Bon,Bon,0
70,"Boutique OfficielleSmartedge Adventures Sacoche Pc portable 15.6"" et 17"" 'Pratik' Noir", Smartedge Adventures ,129.0,200.0,36,High Stock,3.9 ,24,0.0,0.4366666666666667,71.0,94,67,ExcellentScore ,Bon,Excellent,1
71,"Sac pour pc portable, mallette pour pc, cartable, sacoche - 15 POUCES",Autre,99.0,299.0,67,No Info,3.2 ,13,0.0,0.0,200.0,80,52,ExcellentScore ,Moyen,Bon,1
72,Table PC Portable réglable et pliable avec Support Souris,Autre,185.9,245.0,24,High Stock,4.4 ,36,0.0,0.0,59.099999999999994,86,160,ExcellentScore ,Bon,Bon,1
73,"Mini lecteur de carte mémoire Flash TF, USB 2.0, Micro SD, adaptateur pour pc",Autre,12.0,25.0,52,High Stock,3.6 ,14,0.0,0.0,13.0,74,177,ExcellentScore ,Moyen,Moyen,1
74,Hp Laptop EliteBook CORE i5-6eme RAM 8Go/SSD 256Go Pack Gratuit  -Remis à neuf, Hp ,2599.0,5400.0,52,High Stock,1 ,1,0.0,0.0,2801.0,74,161,ExcellentScore ,Mauvais,Bon,2
75,High Speed 4 Port USB 3.0 Multi HUB Splitter Expansion USB,Autre,55.0,65.0,15,No Info,3.7 ,43,0.0,0.0,10.0,86,160,ExcellentScore ,Bon,Bon,1
76,Tapis de souris neon rog 900 x 300 MM tapis gamer souris et clavier Gaming Mouse Pad,Autre,79.0,99.0,20,No Info,4.5 ,11,-0.05,0.0,20.0,94,354,ExcellentScore ,Excellent,Bon,1
77,"Hp Imprimante Wi-Fi  (Impression,copie,numérisation) - DeskJet 2710 + Cable USB 2.0", Hp ,539.0,720.0,25,Low Stock,5 ,3,0.0,0.0,181.0,80,64,BonScore ,Excellent,Moyen,1
78,"Sac à dos ordinateur, business loisirs, voyage, cartable étudiant avec port USB",Autre,177.0,349.0,49,No Info,3.8 ,4,0.0,0.0,172.0,86,61,ExcellentScore ,Excellent,Moyen,1
79,"Boutique OfficielleLenovo Clés USB,1900 GB/2TB (Type-c et usb 3.0/2.0)", Lenovo ,229.0,349.0,34,Low Stock,4.3 ,15,0.0,0.0,120.0,80,30,ExcellentScore ,Excellent,Mauvais,1
80,Dml Casque Gaming Switch avec Micro Anti Bruit Filaire LED Lampe Stéréo Bass, Dml ,145.0,145.0,0,Low Stock,4.8 ,4,0.0,0.0,0.0,86,160,ExcellentScore ,Bon,Bon,1
81,Tapis de souris fluide et souple Noir Antidérapant carbon,Autre,23.0,45.0,49,High Stock,4.1 ,122,0.0,0.0,22.0,86,160,ExcellentScore ,Bon,Bon,1
82,Boutique OfficielleKRÖHLER Lecteur DVD port HDMI USB Afficheur, KRÖHLER ,149.0,299.0,50,No Info,3.9 ,42,0.0,0.0,150.0,74,262,ExcellentScore ,Moyen,Moyen,1
83,"Sac pour pc portable, mallette pour pc, cartable, sacoche - 14 POUCES",Autre,99.0,299.0,67,Low Stock,4 ,12,0.0,0.0,200.0,80,52,ExcellentScore ,Moyen,Bon,1
84,Support pour pc portable en aluminium ajustables en 7 positions multifonction,Autre,89.0,105.0,15,High Stock,4.3 ,106,0.0,0.0,16.0,86,541,ExcellentScore ,Bon,Bon,1
85,Adaptateur USB 2.0/3.0 vers 2.5 Sata-III Disque Dur-SSD-,Autre,61.0,150.0,59,No Info,4.2 ,183,0.0,1.0,89.0,86,160,ExcellentScore ,Bon,Bon,1
86,"Boutique OfficielleSH 2.4Ghz Souris sans Fil 6 Boutons 2400 DPI Réglable pour PC Portable, Bureau, MAC", SH ,75.0,245.0,69,High Stock,3.4 ,25,0.0,0.0,170.0,74,2161,ExcellentScore ,Moyen,Moyen,0
87,Boutique OfficielleSH Souris de jeu gamer PRO RGB Capteur Optique 1200 à 3200 DPI LED 6 boutons, SH ,68.0,140.0,51,High Stock,4.4 ,14,0.0,0.0,72.0,74,2161,ExcellentScore ,Moyen,Moyen,0
88,Aula Pack clavier + souris gaming mécanique avec 104 touches RGB anti-ghosting + KNOB, Aula ,259.0,390.0,34,High Stock,3.3 ,6,0.0,0.0,131.0,74,2161,ExcellentScore ,Moyen,Moyen,0
89,"Boutique OfficielleLogitech K120 Clavier Filaire pour Windows, USB Plug-and-Play, Taille Standard, Résistant Eclaboussures, Barre D'Espacement Incurvée, Compatible PC, Ordinateur Portable- Noir", Logitech ,89.0,149.0,40,No Info,4.3 ,16,0.0,0.0,60.0,100,0,neutre,neutre,neutre,1
90,Hp PC GAMER EliteDesk 800 i5-4590 8GB 128GB SSD FirePro V4900 GDDR5  - Remis à Neuf, Hp ,1375.0,1375.0,0,Low Stock,1 ,1,0.0,0.0,0.0,100,822,ExcellentScore ,Excellent,Excellent,1
91,"Boutique OfficielleSmartedge Adventures Sac &agrave; dos 'Explore' pour pc portable 15.6"" Noir", Smartedge Adventures ,249.0,350.0,29,No Info,4.8 ,4,0.0,0.0,101.0,94,67,ExcellentScore ,Bon,Excellent,1
92,WD Western Digital - Elements Disque Dur Externe Portable 500 GB USB 3.0, WD ,260.0,509.0,49,No Info,4.2 ,42,0.0,0.0,249.0,80,66,BonScore ,Excellent,Moyen,1
93,"Imice MK-X60 Clavier Gaming mécanique BLUE SWITCH, 87 touches, rétro-éclairage RGB Gamer", Imice ,275.0,550.0,50,High Stock,4.3 ,7,0.0,0.0,275.0,74,2161,ExcellentScore ,Moyen,Moyen,0
94,TP-Link TL-WN722N - Clé wifi USB - 150 Mbps - WPS Bouton - Gain Elevé -  4dBi -  Blanc, TP-Link ,115.0,200.0,43,No Info,4 ,76,0.0,0.0,85.0,86,541,ExcellentScore ,Bon,Bon,1
95,"Boutique OfficielleJedel Clavier Mécanique KL-95 à lumière mixte, avec effet de lumière RGB personnalisé", Jedel ,248.0,475.0,48,No Info,4.4 ,125,0.0,0.0,227.0,74,2161,ExcellentScore ,Moyen,Moyen,0
96,Boutique OfficielleSH Pack Combo Gaming Clavier + Souris 7D USB RGB, SH ,175.0,399.0,56,No Info,3.9 ,266,0.0,0.0,224.0,74,2161,ExcellentScore ,Moyen,Moyen,0
98,"Adaptateur HDMI vers VGA 1080P, Convertisseur HDMI Mâle à VGA",Autre,39.99,70.0,43,No Info,3.8 ,27,0.0,0.0,30.009999999999998,86,160,ExcellentScore ,Bon,Bon,1
99,Câble Adaptateur DP pour Display port mâle vers HDMI Femelle - Noir,Autre,49.0,55.0,11,No Info,3.4 ,20,0.0,0.0,6.0,86,541,ExcellentScore ,Bon,Bon,1
100,"Boutique OfficielleTélécommande C120 Air Mouse 2.4GHz Wireless Mini clavier pour Android,TV,Windows",Autre,61.1,199.0,69,Low Stock,3.8 ,100,0.0,0.0,137.9,80,545,BonScore ,Excellent,Moyen,1
101,Boutique OfficielleSony Casque ZX110 Avec Fil Noir (MDRZX110APBC1E), Sony ,169.0,200.0,16,No Info,4.7 ,3,0.0,0.0,31.0,94,67,ExcellentScore ,Bon,Excellent,1
102,WDLINK Imprimante thermique Ticket 80mm Original, WDLINK ,789.99,1000.0,21,No Info,4.7 ,7,0.0,0.0,210.01,80,210,ExcellentScore ,Moyen,Bon,1
103,Boutique OfficielleJabra Evolve 20 MS Stéréo Micro-casque filaire stéréo optimisé Lync, Jabra ,423.0,490.0,14,High Stock,4.5 ,17,0.0,0.0,67.0,80,549,BonScore ,Bon,Bon,1
104,Royal JR 67 Souris de jeu a fil gaming Pro RGB LED 6400 Dpi Shifting 7boutons, Royal ,135.0,250.0,46,High Stock,3.7 ,71,0.0,0.0,115.0,74,2161,ExcellentScore ,Moyen,Moyen,0
105,Hp CARTOUCHE 305 NOIR, Hp ,178.5,178.5,0,Low Stock,4.2 ,9,0.0,0.0,0.0,80,68,BonScore ,Bon,Bon,1
106,"Boutique OfficielleSH MK-X60 Clavier Gamer mécanique BLUE SWITCH 87 touches, rétro-éclairage RGB", SH ,389.0,550.0,29,Low Stock,4.2 ,172,0.0,0.0,161.0,74,2161,ExcellentScore ,Moyen,Moyen,0
107,"Mini clavier et souris sans fil Bluetooth pour PC, ipad, téléphone, tablette",Autre,179.0,264.0,32,High Stock,3.9 ,17,0.0,0.12499999999999999,85.0,74,2161,ExcellentScore ,Moyen,Moyen,0
108,DELL Chargeur  Pc Portable Original 19.5V / 6.7A / 130W  Adaptateur AC - LA130PM121, DELL ,149.0,227.0,34,High Stock,4.8 ,15,0.0,0.0,78.0,74,788,ExcellentScore ,Mauvais,Bon,1
109,Boutique OfficielleLenovo PC PORTABLE  Thinkpad-T460 Core i5 RAM 8GB 500 HDD-6ème Génération-Remis a Neuf, Lenovo ,1999.0,4999.0,60,High Stock,3.6 ,23,0.0,0.0,3000.0,46,249,BonScore ,Très Mauvais,Moyen,2
110,"Boutique OfficielleApple Macbook Pro Retina 13,3"" -2015 -INTEL CORE i5-RAM 8Go-SSD 128Go - Remis a neuf", Apple ,3399.0,4199.0,19,Low Stock,5 ,2,0.0,0.0,800.0,46,249,BonScore ,Très Mauvais,Moyen,2
111,"Hp EliteBook 850 G5 - Intel Core i5-8365U -16GB RAM- 256GB NVMe 15.6""- Remis a neuf", Hp ,3150.0,4200.0,25,No Info,0 ,0,0.0,0.0,1050.0,66,830,ExcellentScore ,Mauvais,Moyen,2
112,"Boutique OfficielleHp PC Portable Probook 640 Core intel i3-500Go-RAM 8GB 14""- remis a neuf", Hp ,3699.0,4299.0,14,High Stock,4.2 ,5,0.0,0.0,600.0,46,249,BonScore ,Très Mauvais,Moyen,2
113,Boutique OfficielleLenovo PC PORTABLE LENOVO THINKPAD T540P-I5-8G-500Go-FULL HD-REMISE A NEUF, Lenovo ,2999.0,3899.0,23,Low Stock,3.7 ,15,0.0,0.0,900.0,46,249,BonScore ,Très Mauvais,Moyen,2
114,Boutique OfficielleHp PC Portable ELITEBOOK X360 G2 I5-7éme -8GB- 256GB SSD - TACTILE -REMIS À NEUF, Hp ,4549.0,7999.0,43,Low Stock,0 ,0,0.0,0.0,3450.0,46,249,BonScore ,Très Mauvais,Moyen,2
115,Hp EliteBook 840 14Pouce G3 Core i5 6eme Grd 8Go DDR4-256 M.2 SSD Remis a Neuf, Hp ,2550.0,7500.0,66,Low Stock,4.2 ,13,0.0,0.0,4950.0,74,143,BonScore ,Excellent,Mauvais,2
116,Boutique OfficielleLenovo PC PORTABLE  Thinkpad-L430 Core i5-5éme Génération-RAM-8GB-500 HDD-AZERTY-Remis a Neuf, Lenovo ,1679.0,2399.0,30,No Info,0 ,0,0.0,0.0,720.0,46,249,BonScore ,Très Mauvais,Moyen,2
117,Mini Clavier sans Fil 2.4GHz pavé numérique 18 Touches Compatible PC et Mac,Autre,95.0,165.0,42,High Stock,4.7 ,3,0.0,0.0,70.0,74,2161,ExcellentScore ,Moyen,Moyen,0
118,Jedel Casque Gamer  casque PC avec  son surround antibruit avec micro et lumière RGB GH-253 sticker, Jedel ,119.0,159.0,25,No Info,2.5 ,2,0.0,0.0,40.0,94,354,ExcellentScore ,Excellent,Bon,1
119,"Toshiba Disque dur externe HDD 320Go - 2.5"" - SATA 6GB/S - 7200 RPM 32Mo", Toshiba ,149.0,599.0,75,No Info,0 ,0,0.0,0.0,450.0,74,788,ExcellentScore ,Mauvais,Bon,1
120,Boutique OfficielleDELL Optiplex 3020 SFF Intel G1840 RAM 8Go HDD 500Go- WIFI-Remis à Neuf, DELL ,699.0,1399.0,50,No Info,3.7 ,3,0.0,0.0,700.0,66,388,BonScore ,Moyen,Moyen,1
121,Adaptateur multiport 4-IN-1 Hub Type-C vers HD VGA,Autre,129.0,165.0,22,No Info,4.2 ,10,0.0,0.0,36.0,86,541,ExcellentScore ,Bon,Bon,1
122,Table Laptop Ajustable T8 Avec Ventilation Refroidissement 360° +support souris,Autre,188.0,250.0,25,No Info,3.8 ,6,0.0,0.0,62.0,86,541,ExcellentScore ,Bon,Bon,1
123,"Adaptateur DVI HDMI, Connecteur DVI D 24+1 Mâle vers HDMI Femelle Support 1080P",Autre,29.0,45.0,36,No Info,4.1 ,34,0.0,0.0,16.0,86,160,ExcellentScore ,Bon,Bon,1
124,"Kingston Originale SSD 480GB (2.5""SATA 3) améliore et réactivité du système transferts fichiers plus rapide", Kingston ,485.0,599.0,19,No Info,4.8 ,27,0.0,0.0,114.0,86,541,ExcellentScore ,Bon,Bon,1
125,"Philips Écran LED 17'' 17S1SB - 1280 x 1024 à 60 Hz - 5ms - DVI-D, VGA - Remis à Neuf", Philips ,349.0,479.0,27,Low Stock,4.8 ,4,0.0,0.0,130.0,74,788,ExcellentScore ,Mauvais,Bon,1
126,KIOXIA Clé Usb 2.0 Capacité 32Gb Flash Drive // Stockage 32g DataTraveler TransMemory, KIOXIA ,59.0,59.0,0,Low Stock,4.1 ,17,0.0,0.0,0.0,74,24,ExcellentScore ,Mauvais,Bon,1
127,Epson EcoTank L3250 Imprimante WiFi multifonction à réservoirs rechargeables, Epson ,1875.0,2500.0,25,No Info,3.8 ,15,0.0,0.0,625.0,66,203,BonScore ,Moyen,Moyen,2
128,"Imice Souris Gaming Optique 8 Boutons LED 7200 DPI avec Câble USB 1,8 m pour PC - Noir", Imice ,95.0,223.0,57,High Stock,3.8 ,5,0.0,0.0,128.0,74,2161,ExcellentScore ,Moyen,Moyen,0
129,Hp DeskTop - Core I5-4590 ( 3.3 Ghz ) 16GB Ram + 256GB SSD + 500GB HDD Remis à neuf, Hp ,1380.0,2500.0,45,No Info,3.2 ,5,0.0,0.0,1120.0,80,66,BonScore ,Excellent,Moyen,2
130,Epson EcoTank L3250 Imprimante WiFi multifonction à réservoirs rechargeables, Epson ,1799.0,2390.0,25,No Info,5 ,2,0.0,0.0,591.0,86,11,MoyenScore ,Excellent,Excellent,2
131,Kingston Clé USB - 128GB - USB Pour Stockage - USB 3.2 - DataTraveler EXODIA, Kingston ,139.0,170.0,18,No Info,4.2 ,41,0.0,0.375,31.0,86,541,ExcellentScore ,Bon,Bon,1
132,Sac pc portable mallette portable cartable sacoche 14inch,Autre,99.0,199.0,50,No Info,2 ,1,0.0,0.0,100.0,80,38,BonScore ,Excellent,Moyen,1
133,Hp PC PORTABLE ELITEBOOK 840 G5 8ÉME GÉN-CORE I5-8Go-256 Go SSD-Remis à neuf, Hp ,3150.0,5000.0,37,Low Stock,4.8 ,6,0.0,0.0,1850.0,66,830,ExcellentScore ,Mauvais,Moyen,2
134,Canon Pack Cartouches 445 Noir + 446 Couleur, Canon ,529.0,529.0,0,Low Stock,0 ,0,0.0,0.0,0.0,100,58,ExcellentScore ,Excellent,Excellent,1
135,Verbatim Clé Usb 2.0 Capacité 32Gb Flash Drive // Stockage 32g DataTraveler, Verbatim ,49.0,49.0,0,Low Stock,4.3 ,11,0.0,0.0,0.0,74,24,ExcellentScore ,Mauvais,Bon,1
136,"Adaptateur multi-répartiteur USB C, HUB 3.0, Type C 3.1, 4 ports",Autre,79.0,90.0,12,No Info,5 ,1,0.0,0.0,11.0,74,177,ExcellentScore ,Moyen,Moyen,1
137,Nettoyant pour écran de téléphone / pc / TV / toutes les électroniques 200ML,Autre,82.0,99.0,17,No Info,5 ,3,0.0,0.0,17.0,86,36,ExcellentScore ,Excellent,Moyen,1
138,Boutique OfficielleCanon Imprimante Pixma MegaTanK G3430 multifonction à réservoirs rechargeables, Canon ,1599.0,2500.0,36,Low Stock,0 ,0,0.0,0.0,901.0,94,67,ExcellentScore ,Bon,Excellent,2
139,Boutique OfficielleCanon PIXMA G2430 Imprimante multifonction à réservoirs rechargeables (5991C009AA), Canon ,1279.0,1590.0,20,Low Stock,4 ,3,0.0,0.0,311.0,94,67,ExcellentScore ,Bon,Excellent,1
140,Jabra CASQUE EVOLVE 20 Duo, Jabra ,480.0,750.0,36,Low Stock,4.6 ,9,0.0,0.0,270.0,86,157,ExcellentScore ,Excellent,Moyen,1
141,Hp ELITEBOOK 840 G1 CORE I5-4300U 4EME GÉNÉRATION - 8GB / 256GB SSD AZERTY (Remis à Neuf), Hp ,1850.0,3999.0,54,Low Stock,5 ,1,0.0,0.0,2149.0,74,788,ExcellentScore ,Mauvais,Bon,2
142,Boutique OfficielleLenovo Chargeur Pc Portable USB Original 45W / 20V / 2.25A - Adaptateur AC -ADLX45DLC3A, Lenovo ,115.0,227.0,49,Low Stock,4.3 ,13,0.0,0.0,112.0,74,788,ExcellentScore ,Mauvais,Bon,1
143,Razer Tapis de souris Plexus 900 x 300 MM Tapis gamer souris et clavier Gaming Mouse Pad, Razer ,89.0,99.0,10,High Stock,4.3 ,20,0.0,0.0,10.0,94,354,ExcellentScore ,Excellent,Bon,1
144,Boutique OfficielleDELL Pc Gamer Core i5 - 4th Gén -16Go DDR3 - 256Go SSD + 1To HDD - AMD FirePro (Remis à Neuf), DELL ,1999.0,3359.0,40,Low Stock,3.2 ,22,0.0,0.0,1360.0,74,788,ExcellentScore ,Mauvais,Bon,2
145,Boutique OfficielleRazer Souris DeathAdder Essential, Razer ,389.99,700.0,44,No Info,4.7 ,61,0.0,0.3,310.01,54,3094,ExcellentScore ,Très Mauvais,Moyen,0
146,Casque Gaming Stéréo LED Gt 85 Filaire E-sports avec Microphone Entouré HiFi,Autre,119.0,459.0,74,High Stock,4 ,2,0.0,0.0,340.0,74,2161,ExcellentScore ,Moyen,Moyen,0
147,"Boutique OfficielleHp Pack cartouche 305 Noir + 305 Couleur Pour Deskjet 2710, 2720 ( Cadeau offert )", Hp ,399.0,550.0,27,Low Stock,4.9 ,9,0.0,0.0,151.0,80,64,BonScore ,Excellent,Moyen,1
148,"WD Disque Dur Interne 500GB / 500GO Western Digital SATA HDD 3.5""", WD ,199.0,350.0,43,Low Stock,3.7 ,3,0.0,0.0,151.0,94,189,BonScore ,Excellent,Excellent,1
149,Boutique OfficielleLenovo PC PORTABLE THINKPAD T540P-I5-8G-256Go SSD-FULL HD-REMIS A NEUF, Lenovo ,3199.0,3599.0,11,High Stock,4 ,2,0.0,0.0,400.0,66,388,BonScore ,Moyen,Moyen,2
150,sacoche Housse pour pc portable protection portable 2 fermetures à glissière 15p,Autre,117.0,169.0,31,No Info,5 ,1,0.0,0.0,52.0,86,61,ExcellentScore ,Excellent,Moyen,1
151,Câble Réseau Ethernet RJ45 CAT6 30 Mètre haut débit qualité Pro By Electro World,Autre,112.99,199.0,43,High Stock,4 ,6,0.0,0.0,86.01,74,2690,BonScore ,Bon,Moyen,0
152,General Adaptateur Displayport male to VGA femelle, General ,49.0,54.0,9,No Info,4 ,47,0.0,0.0,5.0,86,541,ExcellentScore ,Bon,Bon,1
153,"Edup Cle USB Wifi Sans Fil Adaptateur Wifi Récepteur Ethernet Carte Pour PC Ordinateur - transmission 2,4 G jusqu'à 150 Mbps", Edup ,55.0,70.0,21,High Stock,4.3 ,30,0.0,0.0,15.0,86,541,ExcellentScore ,Bon,Bon,1
154,Chargeur Pc Portable ASUS 19V 2.37A,Autre,199.0,399.0,50,High Stock,4.5 ,4,0.0,0.0,200.0,66,16,ExcellentScore ,Très Mauvais,Excellent,1
155,"chargeur type c compatible 20V 2,25 a 65W avec pc Lenovo Acer ASUS Dell HP LG gram Microsoft",Autre,175.0,490.0,64,High Stock,4.2 ,5,0.0,0.0,315.0,74,2161,ExcellentScore ,Moyen,Moyen,0
156,Razer Casque gamer Kraken X Lite, Razer ,590.0,690.0,14,No Info,5 ,2,0.0,0.0,100.0,74,46,BonScore ,Moyen,Bon,1
157,"Boutique OfficielleApple Macbook air 2020-Retina 13,3"" -INTEL i3 -RAM 8Go-SSD 256Go-Batterie10h -remis a neuf/", Apple ,5999.0,7999.0,25,Low Stock,5 ,1,0.0,0.0,2000.0,66,388,BonScore ,Moyen,Moyen,2
158,"Hp Pack cartouche 305 Noir + 305 Couleur Compatible avec les imprimantes jet d'encre HP Deskjet 2710, 2720 ( Stylo fixe table offert )", Hp ,379.0,490.0,23,No Info,4.5 ,11,0.0,0.0,111.0,80,64,BonScore ,Excellent,Moyen,1
159,Modem routeur Mobile 5G / 4G LTE CAT6 WiFi 300Mbps avec carte SIM et écran 14h d'autonomie,Autre,318.0,610.0,48,High Stock,2.8 ,4,0.0,0.0,292.0,74,2161,ExcellentScore ,Moyen,Moyen,0
160,Système de refroidissent USB universel pour téléphone portable,Autre,99.0,290.0,66,No Info,3.4 ,9,0.0,0.0,191.0,74,177,ExcellentScore ,Moyen,Moyen,1
161,Hp EliteDisplay E231 Écran 23″ Full HD 1920 x 1080 à 60 Hz - Remis à Neuf, Hp ,849.0,1499.0,43,Low Stock,4.2 ,28,0.0,0.0,650.0,94,105,BonScore ,Excellent,Excellent,1
162,"Couverture pour protéger le clavier de liquides , la poussière et de la saleté",Autre,43.9,99.0,56,No Info,5 ,6,0.0,0.0,55.1,86,2586,ExcellentScore ,Excellent,Moyen,0
163,Canon PIXMA G3410 Imprimante Economique Multifonction Wi-Fi- Impression- copie - numérisation - cloud + des réservoirs intégrés d'encre et Jeu de bouteilles inclus, Canon ,1649.0,2200.0,25,Low Stock,3 ,1,0.0,0.0,551.0,66,203,BonScore ,Moyen,Moyen,2
164,"3pcs cartable + sac à bandoulière + trousse, sac pc, sac d'affaires,voyage,école",Autre,157.0,199.0,21,No Info,4.3 ,4,0.0,0.0,42.0,80,52,ExcellentScore ,Moyen,Bon,1
165,TP-Link Point d'accès Wi-Fi - 300 Mbps Multi-Mode TL-WR844N, TP-Link ,195.0,250.0,22,No Info,4 ,4,0.0,0.0,55.0,86,160,ExcellentScore ,Bon,Bon,1
166,Clé Bluetooth 5.0 adaptateur Long Transmission 20m -Support Voice & Data,Autre,45.0,49.0,8,No Info,4 ,6,0.0,0.0,4.0,86,541,ExcellentScore ,Bon,Bon,1
167,Razer Tapis de souris XXL haute qualité pour PC et bureau Rize-Cubes +Sticker cadeau, Razer ,79.0,79.0,0,No Info,4.3 ,7,0.0,0.0,0.0,80,220,BonScore ,Excellent,Moyen,1
168,Adaptateur VGA Male vers HDMI Output 1080P HD+ Audio,Autre,75.0,95.0,21,No Info,3.7 ,18,0.0,0.0,20.0,86,160,ExcellentScore ,Bon,Bon,1
169,Boutique OfficielleUgreen Souris sans fil Silencieuse 2.4Ghz, Ugreen ,139.0,210.0,34,High Stock,4.7 ,3,0.0,0.0,71.0,94,67,ExcellentScore ,Bon,Excellent,1
170,UNIVERSAL 1080P Mini HDMI to RCA Audio Video AV CVBS HD TV VCR VHS DVD Adapter Converter,Autre,89.0,170.0,48,No Info,3.9 ,26,0.0,0.0,81.0,86,541,ExcellentScore ,Bon,Bon,1
171,"Hdmi And More hdmi video capture HD 1080P, HDMI vers USB 2.0 Youtube OBS, Live, stream", Hdmi And More ,128.0,194.2,34,No Info,3.8 ,21,0.0,0.0,66.19999999999999,80,100,ExcellentScore ,Bon,Moyen,1
172,General Office Tapis De Souris  Repose-Poignet, General ,39.95,55.0,27,No Info,4.4 ,66,0.0,0.2,15.049999999999997,86,541,ExcellentScore ,Bon,Bon,1
173,Câble imprimante USB 2.0 Type A Mâle vers Type B Mâle longueur 1.5M,Autre,29.0,60.0,52,No Info,4.8 ,5,0.0,0.0,31.0,74,177,ExcellentScore ,Moyen,Moyen,1
174,"Clavier de Jeu QWERTY USB Rgb Led R260 pour PC Gamer, Bureau - Noir",Autre,99.0,240.0,59,High Stock,3.6 ,13,0.23499999999999996,0.0,141.0,74,2161,ExcellentScore ,Moyen,Moyen,0
175,tapis de souris de repose-poignet en gel Confortable antidérapante Noir bureau,Autre,45.0,59.0,24,High Stock,3.9 ,62,0.0,0.0,14.0,86,541,ExcellentScore ,Bon,Bon,1
176,Epson EcoTank L3250  WiFi à réservoirs rechargeables (impression/copie/scan), Epson ,1875.0,2500.0,25,No Info,4.1 ,8,0.0,-0.6666666666666666,625.0,66,203,BonScore ,Moyen,Moyen,2
177,Mini CLAVIER +SOURIS SANS FIL Wireless MEILLEURE QUALITE français arabe,Autre,130.0,155.0,16,No Info,4 ,44,0.0,0.0,25.0,86,541,ExcellentScore ,Bon,Bon,1
178,Boutique OfficielleEpson EcoTank L121 Imprimante &agrave; r&eacute;servoirs rechargeables (C11CD76413), Epson ,1940.0,3138.0,38,No Info,0 ,0,0.0,0.0,1198.0,80,549,BonScore ,Bon,Bon,2
179,Hp imprimante LaserJet Pro M111a - 20 PPM (Remplacante de la M15a), Hp ,1449.0,1990.0,27,Low Stock,3.5 ,2,0.0,0.0,541.0,66,203,BonScore ,Moyen,Moyen,1
180,Hp Pc Gamer ProDesk 600 G1 Tour i5-4590 - 8Go - 256Go - GT 720 1GB - Remis A Neuf, Hp ,1490.0,1639.0,9,Low Stock,0 ,0,0.0,0.0,149.0,100,822,ExcellentScore ,Excellent,Excellent,1
181,USB Cable Adaptateur 3.0 SATA 3,Autre,75.0,75.0,0,No Info,3.8 ,12,0.4,0.0,0.0,86,160,ExcellentScore ,Bon,Bon,1
182,Xtrike Souris gaming GM-203 backlit Gaming mouse RGB 7 Buttons 3600 DPI + Sticker Cadeau ( Pro gamer ), Xtrike ,119.0,119.0,0,High Stock,4.1 ,15,0.0,0.0,0.0,94,354,ExcellentScore ,Excellent,Bon,1
183,Onikuma Support GAMING de casque monté sur casque pour la configuration des joueurs, Onikuma ,90.0,230.0,61,High Stock,5 ,5,0.0,0.0,140.0,74,2161,ExcellentScore ,Moyen,Moyen,0
184,"DELL Optiplex 3020 MT Intel® Core™ i5- 4th Gen - RAM 8Go , HDD  500Go (Remis à Neuf)", DELL ,899.0,1799.0,50,High Stock,4.1 ,11,0.0,0.0,900.0,74,788,ExcellentScore ,Mauvais,Bon,1
185,Boutique OfficielleApple MacBook Pro RETINA 13.3 -2015-Core I5- RAM 8Go-DISK DUR 256GO SSD–QUERTY- REMIS A NEUF/, Apple ,3499.0,5999.0,42,Low Stock,0 ,0,0.0,0.0,2500.0,66,388,BonScore ,Moyen,Moyen,2
186,Boutique OfficielleHp Imprimante laser monochrome M111w - Wi-Fi - Blanc, Hp ,1600.0,2400.0,33,Low Stock,4.2 ,5,0.0,0.0,800.0,66,203,BonScore ,Moyen,Moyen,2
187,DELL MICRO PC OPTIPLEX 3040  PENTIUM G4400T RAM 8Go SSD 128Go - REMIS A NEUF, DELL ,740.0,1350.0,45,Low Stock,4.7 ,3,0.0,0.0,610.0,86,164,BonScore ,Excellent,Bon,1
188,"Mini clavier et souris sans fil Bluetooth pour PC, ipad, téléphone, tablette-blanc",Autre,159.0,264.0,40,High Stock,3.5 ,2,0.0,0.0,105.0,74,2161,ExcellentScore ,Moyen,Moyen,0
189,KIOXIA Clé Usb 2.0 Capacité 64Gb Flash Drive // Stockage 64g DataTraveler TransMemory, KIOXIA ,79.0,79.0,0,Low Stock,0 ,0,0.0,0.0,0.0,74,24,ExcellentScore ,Mauvais,Bon,1
190,USB-C / Type-C 3.1 Male to Male Extension Data Transmit and fast charge 2M,Autre,79.0,149.0,47,No Info,3.8 ,10,0.0,0.0,70.0,74,177,ExcellentScore ,Moyen,Moyen,1
191,"DELL LATITUDE E5540 CORE I3-4030U (1,90Ghz)- RAM 4Go - 128Go SSD - Remis à Neuf", DELL ,1349.0,1999.0,33,No Info,4.3 ,4,0.0,0.0,650.0,74,788,ExcellentScore ,Mauvais,Bon,1
192,"DELL LATITUDE E5540 CORE I3-4030U (1,90Ghz)- RAM 4Go - HDD 320Go ( Remis à Neuf )", DELL ,1249.0,1799.0,31,No Info,4.7 ,3,0.0,0.0,550.0,74,788,ExcellentScore ,Mauvais,Bon,1
193,Boutique OfficielleLenovo PC PORTABLE LENOVO Thinkpad-T440 Core i5 RAM 8GB 500 HDD -Remis a Neuf, Lenovo ,1799.0,3199.0,44,High Stock,2.7 ,3,0.0,0.0,1400.0,66,388,BonScore ,Moyen,Moyen,2
195,Boutique OfficielleJedel Souris Optique à 3 Boutons -Sans fil 2.4Mhz 1000 dpi haute résolution -Bluetooth, Jedel ,56.0,79.0,29,Low Stock,2.3 ,3,0.0,0.0,23.0,74,2161,ExcellentScore ,Moyen,Moyen,0
196,Hy510 Pâte thermique de refroidissement HY510, Hy510 ,21.0,90.0,77,No Info,3.7 ,25,0.0,0.0,69.0,86,160,ExcellentScore ,Bon,Bon,1
197,Orico Clé Bluetooth 5.0 de Transmission Rapide à Longue Distance de 20M, Orico ,70.0,145.0,52,No Info,4.4 ,53,0.7,0.0,75.0,86,541,ExcellentScore ,Bon,Bon,1
198,Epson EcoTank L3250 Imprimante WiFi multifonction à réservoirs rechargeables, Epson ,1809.0,2390.0,24,Low Stock,0 ,0,0.0,0.0,581.0,86,11,MoyenScore ,Excellent,Excellent,2
199,Câble imprimante USB 2.0 - Neuf - Longueur 1.5 m  Noir,Autre,26.0,26.0,0,No Info,4.3 ,24,0.0,0.0,0.0,86,541,ExcellentScore ,Bon,Bon,1
200,Hp Imprimante Couleur Smart Tank 516 Wi-Fi MFP Copie/scan/Print - 3 years of ink, Hp ,1490.0,2599.0,43,No Info,4.3 ,3,0.0,0.0,1109.0,60,143,BonScore ,Très Mauvais,Bon,2
201,Casque Bluetooth Sans Fil écouteur anti bruit STN-01 12 h batterie,Autre,142.3,249.0,43,No Info,2.7 ,3,0.0,0.0,106.69999999999999,60,90,ExcellentScore ,Très Mauvais,Moyen,1
202,"TP-Link Kit de 3 CPL Wifi 600Mbps Wi-Fi Range Extender, AV600 TL-WPA4220 KIT", TP-Link ,983.0,1500.0,34,Low Stock,4.6 ,7,0.0,0.0,517.0,86,541,ExcellentScore ,Bon,Bon,1
203,Ovleng CASQUE GAMING GT-97 avec Microphone stéréo HIFI casque pour PC portable, Ovleng ,149.0,400.0,63,High Stock,3.5 ,4,-0.9,0.0,251.0,74,2161,ExcellentScore ,Moyen,Moyen,0
204,"TP-Link Point d'Acces 1200Mbps Dual Band Wi-Fi - Access Point , Répéteur WiFi 2 in 1 Archer C54", TP-Link ,499.0,750.0,33,Low Stock,4.3 ,3,0.0,0.0,251.0,60,576,BonScore ,Très Mauvais,Excellent,1
205,Adaptateur VGA to HDMI Full HD - Convertisseur VGA vers HDMI,Autre,65.0,99.99,35,Low Stock,4.6 ,5,0.0,0.0,34.989999999999995,54,3094,ExcellentScore ,Très Mauvais,Moyen,0
206,Câble Réseau Ethernet RJ45 CAT6 20 Mètre haut débit qualité Pro By Electro World,Autre,87.99,129.99,32,High Stock,5 ,3,0.0,0.0,42.000000000000014,74,2690,BonScore ,Bon,Moyen,0
207,Adaptateur USB 3.0 De Type-C- Gold,Autre,29.0,99.0,71,Low Stock,0 ,0,0.0,0.0,70.0,66,26,ExcellentScore ,Moyen,Mauvais,1
208,Kingston DataTraveler Exodia DTX 32GB Clé USB 3.2 - capuchon et anneaux pour porte-clés, Kingston ,59.5,99.0,40,No Info,4.1 ,26,0.0,0.0,39.5,86,541,ExcellentScore ,Bon,Bon,1
209,Samsung RAM 16GB DDR4 PC4-21300 DDR4-2666 MHz Pour Ordinateur Portable Mémoire Vive RAM, Samsung ,390.0,450.0,13,Low Stock,4.9 ,7,0.0,0.75,60.0,74,161,ExcellentScore ,Mauvais,Bon,1
210,Hp Chargeur ORIGINAL 19.5 V 2.31 A 45 W Bleu Pointe ( Origine ), Hp ,160.0,220.0,27,High Stock,5 ,2,0.0,0.0,60.0,66,830,ExcellentScore ,Mauvais,Moyen,1
211,Câble de chargement rapide Type C,Autre,28.99,28.99,0,High Stock,4.2 ,5,0.0,0.0,0.0,60,90,ExcellentScore ,Très Mauvais,Moyen,1
212,Hp Imprimante à Rèservoires Tout-en-un Smart Tank 516 - 22 PPM, Hp ,1399.0,2800.0,50,No Info,4 ,1,0.0,0.0,1401.0,80,64,BonScore ,Excellent,Moyen,2
213,Nouveau mini Clavier et Souris Sans Fil Bluetooth USB,Autre,149.0,180.0,17,Low Stock,4.5 ,4,0.0,0.0,31.0,74,177,ExcellentScore ,Moyen,Moyen,1
214,Toshiba Disque dur externe USB 3.0 canvio ready 1TB Noir, Toshiba ,599.0,1090.0,45,High Stock,4.3 ,4,0.0,0.0,491.0,60,576,BonScore ,Très Mauvais,Excellent,1
215,Hub 4 Port USB 3.0, Hub ,55.0,65.0,15,No Info,4 ,21,0.0,0.0,10.0,86,541,ExcellentScore ,Bon,Bon,1
216,NEW WORD Pack Bouteilles d'encre GI-490 pour les imprimantes à réservoirs PIXMA G3411/..., NEW WORD ,185.0,185.0,0,Low Stock,5 ,1,0.0,0.0,0.0,80,68,BonScore ,Bon,Bon,1
217,Foxconn Câble Original pour iPhone Lightning vers USB pour iPhone, Foxconn ,39.0,59.0,34,No Info,4.6 ,5,0.0,0.0,20.0,74,177,ExcellentScore ,Moyen,Moyen,1
218,Canon IMPRIMANTE JET D'ENCRE COULEUR PIXMA MG2540S 3EN1:IMPRESSION/SCAN/COPIE, Canon ,499.0,750.0,33,Low Stock,4.3 ,4,0.0,0.0,251.0,86,261,BonScore ,Excellent,Bon,1
219,Lenovo 15.6 Laptop Casual Toploader T210 - Cartable Lenovo 15.6, Lenovo ,185.0,499.0,63,No Info,4.7 ,6,0.3666666666666667,0.0,314.0,74,186,MoyenScore ,Excellent,Moyen,1
220,"Adaptateur USB Type-C 8 in 1 HDMI 4K, USB 3.0 USB 2.0, LAN Rj45 Type-C,SD TF",Autre,250.0,300.0,17,Low Stock,3.5 ,2,0.0,0.0,50.0,74,50,ExcellentScore ,Moyen,Moyen,1
221,Hp PC PORTABLE Slim  CORE i5 6eme RAM 8Go DDR4 - HDD 500Go -Remis a Neuf, Hp ,2290.0,5400.0,58,High Stock,3.4 ,14,0.0,0.0,3110.0,74,161,ExcellentScore ,Mauvais,Bon,2
222,"Boutique OfficielleDELL LATITUDE E5540 CORE I3-4030U (1,90Ghz)- RAM 4Go - HDD 500Go ( Remis à Neuf )", DELL ,1399.0,1799.0,22,Low Stock,4 ,43,0.0,0.0,400.0,74,788,ExcellentScore ,Mauvais,Bon,1
223,Mini Microphone Wired Mic For Phone - Pc Computer,Autre,99.0,119.0,17,Low Stock,0 ,0,0.0,0.0,20.0,46,23,BonScore ,Très Mauvais,Moyen,1
224,UCOM Packs 2 Manette De Jeu Filaire USB pour PC - Original  (NOIR), UCOM ,119.0,300.0,60,Low Stock,4 ,1,0.0,0.0,181.0,86,10,MoyenScore ,Excellent,Excellent,1
225,"Boutique OfficielleLenovo M82 SFF Intel Celeron G1610 (2,6GHz) - RAM 4Go , HDD 500Go (Remis à Neuf)", Lenovo ,550.0,1250.0,56,Low Stock,4.4 ,5,0.0,0.0,700.0,74,788,ExcellentScore ,Mauvais,Bon,1
226,"Hub Répartiteur USB 3.0 Hub à 4 Ports haute vitesse pour MacBook Pro, adaptateur HUB USB 3.0", Hub ,49.0,150.0,67,No Info,4.5 ,2,0.0,0.0,101.0,86,541,ExcellentScore ,Bon,Bon,1
227,Canon Cartouche  445 noir, Canon ,225.0,300.0,25,Low Stock,0 ,0,0.0,0.0,75.0,60,143,BonScore ,Très Mauvais,Bon,1
228,Boutique OfficielleSmartedge Adventures Sac à dos 'SEA' Noir, Smartedge Adventures ,149.0,220.0,32,High Stock,3 ,1,0.0,0.0,71.0,94,67,ExcellentScore ,Bon,Excellent,1
229,"Adaptateur USB Type-C 7-in-1, avec 5 USB Ports, 2 Type-C, USB 3.0 USB 2.0",Autre,200.0,250.0,20,Low Stock,0 ,0,0.0,0.0,50.0,74,50,ExcellentScore ,Moyen,Moyen,1
230,Adapter Convertisseur USB 3.0 type C vers HDMI,Autre,89.0,120.0,26,No Info,5 ,1,0.0,0.0,31.0,74,177,ExcellentScore ,Moyen,Moyen,1
231,"DELL OPTIPLEX 7010 SFF CORE I5-3470 8Go / 500Go + PHILIPS 22"" 220B2 (REMIS À NEUF)", DELL ,1550.0,1860.0,17,Low Stock,4 ,1,0.0,0.0,310.0,74,788,ExcellentScore ,Mauvais,Bon,1
232,"All in One HDD Docking Station - Boitier de Disque dur 2.5"" 3.5"" HDD SSD SATA IDE Carte SD/MS ...",Autre,249.0,255.0,2,No Info,4.4 ,5,0.25,0.0,6.0,86,541,ExcellentScore ,Bon,Bon,1
233,2 Toner Laser Compatible  17A / CF217A,Autre,260.0,260.0,0,High Stock,3 ,3,0.0,0.0,0.0,100,58,ExcellentScore ,Excellent,Excellent,1
234,Boutique OfficielleCable d'alimentation secteur 220V pour PC imprimante longeur  1.5 M,Autre,41.0,59.0,31,High Stock,4.7 ,3,0.0,0.0,18.0,86,77,BonScore ,Excellent,Bon,1
235,"Adaptateur USB vers RJ45 , Adapter USB to RJ45", Adaptateur ,54.0,74.0,27,Low Stock,3.6 ,12,0.0,0.0,20.0,86,160,ExcellentScore ,Bon,Bon,1
236,DELL Pc i7 4éme 16 Go RAM- 256Go SSD - OPTIPLEX 9020sff -remis à neuf, DELL ,1790.0,3990.0,55,Low Stock,5 ,1,0.0,0.0,2200.0,60,122,ExcellentScore ,Très Mauvais,Bon,2
237,"XIAOMI Mi Desktop Monitor 27 pouces, 100Hz, FHD 1080P, IPS, angle de vision de 178", XIAOMI ,1999.0,2999.0,33,No Info,4 ,2,0.0,0.0,1000.0,66,1579,ExcellentScore ,Mauvais,Moyen,2
238,Toner Compatible HP W1106A 106A Pour HP Laser MFP 135a/135w/w135r/137fnw et HP Laser 107a/107w/107r,Autre,149.0,450.0,67,No Info,4.1 ,7,0.0,0.0,301.0,60,143,BonScore ,Très Mauvais,Bon,1
239,"Boutique OfficielleHp PC Portable Probook 640 Core intel i3-1000Go-RAM 16GB 14""- remis a neuf", Hp ,2999.0,3799.0,21,High Stock,1 ,1,0.0,0.0,800.0,46,249,BonScore ,Très Mauvais,Moyen,2
240,Boutique OfficielleJedel Pack Combo Gaming Clavier + Souris USB Filaire RGB Backlighting effect, Jedel ,129.0,288.0,55,High Stock,3.9 ,71,0.0,0.0,159.0,74,2161,ExcellentScore ,Moyen,Moyen,0
241,"DELL LATITUDE E5530 - CORE I5-3210M (2.5GHz) 15.6"" HD - 8Go , 256Go SSD Go ( Remis à Neuf ) - AZERTY", DELL ,1799.0,3999.0,55,Low Stock,4 ,4,0.0,0.0,2200.0,74,788,ExcellentScore ,Mauvais,Bon,2
242,Lecteur et Graveur DVD - CD externe Dvd CD Usb 3.0 Ultra Slim Portable *8 -Noir,Autre,249.0,299.0,17,No Info,4.8 ,22,0.0,0.0,50.0,86,160,ExcellentScore ,Bon,Bon,1
243,Hp Imprimante Multifonction Jet d'encre Deskjet 2710 (5AR83B), Hp ,550.0,650.0,15,Low Stock,0 ,0,0.0,0.0,100.0,94,13,BonScore ,Excellent,Excellent,1
244,Boutique OfficielleSH Souris de jeu gamer PRO RGB Capteur Optique 1200 à 3200 DPI LED 6 boutons, SH ,68.0,150.0,55,High Stock,4.8 ,4,0.0,0.0,82.0,74,2161,ExcellentScore ,Moyen,Moyen,0
245,Hp Elitedesk 800 G3 Mini WiFi Core i5-6500T - 8Go DDR4 - 500Go HDD - Win 10 Pro (Remis à Neuf), Hp ,1599.0,3799.0,58,Low Stock,5 ,2,0.0,0.0,2200.0,74,788,ExcellentScore ,Mauvais,Bon,2
246,KIOXIA Clé 32 Go USB 2.0 : Stockez vos données en toute simplicité, KIOXIA ,59.0,59.0,0,Low Stock,4.6 ,5,0.8,0.0,0.0,74,24,ExcellentScore ,Mauvais,Bon,1
247,Plantronics Blackwire C720 Casque 2 écouteurs pour PC et GSM (connexion USB et Bluetooth), Plantronics ,449.0,1299.0,65,No Info,5 ,1,0.0,0.0,850.0,74,788,ExcellentScore ,Mauvais,Bon,1
248,adaptateur hdmi vga,Autre,39.0,70.0,44,No Info,5 ,1,0.0,0.0,31.0,86,541,ExcellentScore ,Bon,Bon,1
249,Adaptateur USB 2.0/3.0 vers 2.5 Sata-III Disque Dur-SSD- + Type-C,Autre,69.0,90.0,23,No Info,0 ,0,0.0,0.0,21.0,74,177,ExcellentScore ,Moyen,Moyen,1
250,"Adaptateur Support pour 2ème disque dur 2,5 ""SSD Caddy Disque Baie Lecteur Optique Dur 9,0 mm SATA vers SATA,PC Portables", Adaptateur ,75.0,250.0,70,Low Stock,4.3 ,26,0.0,0.0,175.0,86,541,ExcellentScore ,Bon,Bon,1
251,Mini Adaptateur USB Bluetooth 5.0,Autre,29.0,90.0,68,No Info,3.3 ,3,0.0,0.0,61.0,74,177,ExcellentScore ,Moyen,Moyen,1
252,Bamboo Table pc BOIS pour Ordinateur Portable Pliable et Réglable, Bamboo ,299.0,350.0,15,Low Stock,5 ,5,0.0,0.0,51.0,86,541,ExcellentScore ,Bon,Bon,1
253,"Molink Casque Bluetooth V.5 , batterie 6 heures Sport d'Appels et de Musique", Molink ,179.0,399.0,55,Low Stock,4.6 ,7,0.0,0.0,220.0,66,122,BonScore ,Mauvais,Bon,1
254,Boutique OfficielleHp PC BUREAU ProDesk 400-i5-RAM 16Go 256Go SSD-souris+clavier GRATUIT-REMIS A NEUF/, Hp ,1479.0,1988.0,26,High Stock,4 ,3,0.0,0.0,509.0,46,249,BonScore ,Très Mauvais,Moyen,1
255,"Sandisk Clé USB 16GB V3.0 Flash Drive, Cruzer Blade DataTraveler", Sandisk ,54.0,69.0,22,High Stock,5 ,1,0.0,0.0,15.0,86,3586,ExcellentScore ,Bon,Bon,0
256,"Toshiba Disque Dur externe 1 TB USB 2.5"" Fast Speed pour Pc", Toshiba ,380.0,650.0,42,No Info,4.3 ,4,0.0,0.0,270.0,66,830,ExcellentScore ,Mauvais,Moyen,1
257,DELL Sac D'ordinateur Portable Multipoches 15 pouces pour Hommes et Femmes Sac à Main d'affaires - Noir, DELL ,165.0,487.0,66,High Stock,4 ,14,0.0,0.0,322.0,74,2161,ExcellentScore ,Moyen,Moyen,0
258,Port USB 2.0/3.0 vers RJ45 Ethernet Lan avec 3 ports USB Hub Pour Macbook et PC, Port ,89.0,200.0,56,Low Stock,3.8 ,4,0.0,0.0,111.0,86,541,ExcellentScore ,Bon,Bon,1
259,Boutique OfficielleJedel gaming keyboard k-590clavier blaklighit Clavier USB Gaming LED, Jedel ,94.0,220.0,57,High Stock,4.2 ,22,-0.07142857142857142,0.0,126.0,74,2161,ExcellentScore ,Moyen,Moyen,0
260,Orico HUB USB 4CH FL01 - 4 Ports USB 2.0 Haute Vitesse Up to 480Mbps support OTG, Orico ,54.0,69.0,22,High Stock,3.9 ,68,0.0,0.0,15.0,86,541,ExcellentScore ,Bon,Bon,1
261,"Lecteur externe USB 3.0 CD/DVD, transfert de données à grande vitesse",Autre,230.0,290.0,21,Low Stock,3 ,2,0.0,0.0,60.0,74,177,ExcellentScore ,Moyen,Moyen,1
262,Sacoche ordinateur Case Cover sac Pour PC portable 13 pouces pochet,Autre,85.0,119.0,29,No Info,4.5 ,4,0.0,0.0,34.0,86,61,ExcellentScore ,Excellent,Moyen,1
263,"Adaptateur DVI HDMI, Connecteur DVI D 24+1 Mâle vers HDMI Femelle Support 1080P",Autre,29.0,49.0,41,No Info,4.4 ,8,0.0,0.6,20.0,74,177,ExcellentScore ,Moyen,Moyen,1
264,housse pour ordinateur portable sacoche léger et portable pour pc 13 pouces,Autre,117.0,169.0,31,No Info,3 ,1,0.0,0.0,52.0,86,61,ExcellentScore ,Excellent,Moyen,1
265,Boutique OfficielleUgreen Adaptateur USB type C Vert RJ45 ETHERNET 1000Mbps (50737), Ugreen ,246.0,290.0,15,Low Stock,0 ,0,0.0,0.0,44.0,94,67,ExcellentScore ,Bon,Excellent,1
266,"Sac à dos pour pc, voyage, affaires, 3pcs cartable + sac à bandoulière + trousse",Autre,157.0,199.0,21,No Info,3 ,2,0.0,0.0,42.0,80,52,ExcellentScore ,Moyen,Bon,1
267,Hp Imprimante Wi-Fi tout-en-un  - DeskJet 2710 + Cable USB 2.0, Hp ,569.0,689.0,17,Low Stock,3 ,2,0.0,0.0,120.0,100,7,ExcellentScore ,Excellent,Excellent,1
268,"Canon cartouche de maintenance MC-G02 - Original pour G3420, G2420", Canon ,235.0,235.0,0,Low Stock,3.3 ,3,0.0,0.0,0.0,80,68,BonScore ,Bon,Bon,1
269,Boutique OfficielleSony Casque ZX110 Avec Fil Blanc (MDRZX110APWC1E), Sony ,169.0,200.0,16,High Stock,5 ,3,0.0,0.0,31.0,94,67,ExcellentScore ,Bon,Excellent,1
270,Boutique OfficielleLenovo ThinkVision T24i -10 -Moniteur FHD 24 pouces -frameless -Remis a neuf, Lenovo ,1249.0,2000.0,38,No Info,5 ,1,0.0,0.0,751.0,66,830,ExcellentScore ,Mauvais,Moyen,1
271,Boutique OfficielleHp MINI PC BUREAU Esprimo Q920 Micro Tiny -Core I5-RAM 8GO-HDD 500GO-Remis à Neuf, Hp ,899.0,1999.0,55,High Stock,3 ,4,0.0,0.0,1100.0,66,388,BonScore ,Moyen,Moyen,1
272,"Câble d'alimentation // Compatible avec radio, broches pour imprimante",Autre,19.0,50.0,62,Low Stock,5 ,3,0.0,0.0,31.0,74,177,ExcellentScore ,Moyen,Moyen,1
273,sacoche Housse pour pc portable protection portable 2 fermetures à glissière 15p,Autre,117.0,159.0,26,No Info,0 ,0,0.0,0.0,42.0,86,61,ExcellentScore ,Excellent,Moyen,1
274,Hp Imprimante Multifonction jet d'encre couleur DeskJet 2720, Hp ,649.0,789.0,18,Low Stock,4.9 ,8,0.0,0.0,140.0,86,261,BonScore ,Excellent,Bon,1
275,"Sandisk Clé USB 32GB V3.0 Flash Drive, Cruzer Blade DataTraveler", Sandisk ,70.0,79.0,11,High Stock,5 ,1,0.0,0.0,9.0,86,3586,ExcellentScore ,Bon,Bon,0
276,Sac pc portable mallette portable cartable sacoche 14 POUCES,Autre,97.0,199.0,51,No Info,3.3 ,3,0.0,0.0,102.0,86,61,ExcellentScore ,Excellent,Moyen,1
277,Boutique OfficielleJedel Clavier Gamer mécanique PRO Mode RGB - Bleu Switch - Repose Poignet, Jedel ,319.0,451.0,29,Low Stock,4.7 ,6,0.0,0.0,132.0,74,2161,ExcellentScore ,Moyen,Moyen,0
278,Onikuma CW903 Souris de jeu a fil gaming Pro RGB LED 6400 Dpi Shifting 7 boutons, Onikuma ,125.0,250.0,50,High Stock,4.7 ,3,0.0,0.0,125.0,74,2161,ExcellentScore ,Moyen,Moyen,0
279,"Hp Housse de protection en néoprène HP 35,56 cm (14 po.) noire/bleue", Hp ,86.0,155.0,45,Low Stock,4.8 ,9,0.0,0.0,69.0,74,2161,ExcellentScore ,Moyen,Moyen,0
280,XIAOMI Souris sans fil 1000 DPI 2.4GHz Wireless Mouse Lite, XIAOMI ,133.0,299.0,56,High Stock,4.3 ,4,0.0,0.0,166.0,86,3586,ExcellentScore ,Bon,Bon,0
281,"Mini Imprimante Bluetooth + 5 Rouleaux d'Impression sans Encre pour Étiquettes, Photos, Notes ...",Autre,299.0,600.0,50,Low Stock,0 ,0,0.0,0.0,301.0,74,2161,ExcellentScore ,Moyen,Moyen,0
282,Razer Goliathus Grand Tapis De Souris Gaming pour ordinateur de bureau taille XXL, Razer ,99.0,129.0,23,No Info,3.5 ,2,0.0,0.0,30.0,54,3094,ExcellentScore ,Très Mauvais,Moyen,0
283,General CLAVIER MINI autocollant clavier arabe français, General ,17.0,17.0,0,Low Stock,4.1 ,38,0.0,0.0,0.0,86,160,ExcellentScore ,Bon,Bon,1
284,Phomemo Imprimante Etiquette Bluetooth Code Barres Imprimante Thermique Autocollant M110, Phomemo ,635.0,800.0,21,Low Stock,3 ,1,0.0,0.0,165.0,74,1971,ExcellentScore ,Moyen,Moyen,0
285,Sacoche cartable bag  pc mallette portable pour Ordinateur Portable 15.6,Autre,129.0,199.0,35,No Info,3.6 ,8,0.0,0.0,70.0,66,33,BonScore ,Moyen,Moyen,1
286,Xtrike Haut-parleurs Stereo Gamer  SK-501 aviec LED RGB, Xtrike ,179.0,250.0,28,Low Stock,5 ,3,0.0,0.0,71.0,100,55,ExcellentScore ,Excellent,Excellent,1
287,Câble adaptateur HDMI vers DVI 24 + 1 broche (1.5 metre),Autre,63.0,65.0,3,Low Stock,4.8 ,44,0.0,0.0,2.0,86,541,ExcellentScore ,Bon,Bon,1
288,Câble Réseau Ethernet RJ45  CAT6 20 Mètre,Autre,75.0,99.0,24,No Info,4.5 ,74,0.0,0.7,24.0,86,160,ExcellentScore ,Bon,Bon,1
289,Boutique OfficielleHp Imprimante Tout-en-1 Wi-Fi / Bluetouth - Smart Tank 515, Hp ,1399.0,3200.0,56,No Info,0 ,0,0.0,0.0,1801.0,80,64,BonScore ,Excellent,Moyen,2
290,Canon Imprimante Multifonction PIXMA TS3440 (4463C007BE), Canon ,590.0,790.0,25,No Info,4.3 ,7,0.0,0.0,200.0,94,67,ExcellentScore ,Bon,Excellent,1
291,11 en 1 Type C Station d'accueil Extensions Adaptateur USB 3.0 Hub Connecteur Pour Macbook,Autre,390.0,1000.0,61,High Stock,0 ,0,0.0,0.0,610.0,74,2161,ExcellentScore ,Moyen,Moyen,0
292,"Boutique OfficielleLenovo ThinkPad X240 Intel Core i3-4030U 1.9Ghz - RAM 8Go - SSD 256Go - 12.5"" (Remis à Neuf) - AZERTY", Lenovo ,1599.0,1919.0,17,Low Stock,5 ,3,0.0,0.0,320.0,74,788,ExcellentScore ,Mauvais,Bon,1
293,Boutique OfficielleHp PC PORTABLE  ELITEBOOK 840 G5 8ÉME GÉN-CORE I5-8Go-256 Go SSD-Remis à neuf, Hp ,2999.0,4599.0,35,No Info,0 ,0,0.0,0.0,1600.0,46,249,BonScore ,Très Mauvais,Moyen,2
294,WD Disque dur Black P10 Game Drive 2 TB, WD ,889.0,1500.0,41,Low Stock,5 ,1,0.0,0.0,611.0,86,157,ExcellentScore ,Excellent,Moyen,1
